{"cameraMode":{"drawMode":0,"name":"Shaded","section":"Shading Mode"},"sceneLighting":false,"audioPlay":false,"sceneViewState":{"showFog":true,"showMaterialUpdate":false,"showSkybox":false,"showFlares":true,"showImageEffects":true,"showParticleSystems":true},"in2DMode":false,"pivot":{"x":47.99152755737305,"y":608.5192260742188,"z":-343.3285827636719},"rotation":{"x":-0.38684964179992678,"y":-0.049209389835596088,"z":0.020676856860518457,"w":-0.9206016063690186},"size":-50.79020309448242,"orthographic":false}