{"cameraMode":{"drawMode":0,"name":"Shaded","section":"Shading Mode"},"sceneLighting":false,"audioPlay":false,"sceneViewState":{"showFog":true,"showMaterialUpdate":false,"showSkybox":false,"showFlares":true,"showImageEffects":true,"showParticleSystems":true},"in2DMode":false,"pivot":{"x":6.680407524108887,"y":-6.173849105834961,"z":11.180112838745118},"rotation":{"x":0.2758602797985077,"y":0.08062209188938141,"z":-0.02322687767446041,"w":0.9575293660163879},"size":16.96389389038086,"orthographic":false}