{"cameraMode":{"drawMode":0,"name":"Shaded","section":"Shading Mode"},"sceneLighting":false,"audioPlay":false,"sceneViewState":{"showFog":true,"showMaterialUpdate":false,"showSkybox":false,"showFlares":true,"showImageEffects":true,"showParticleSystems":true},"in2DMode":false,"pivot":{"x":2.823667526245117,"y":0.2774219512939453,"z":0.18700361251831056},"rotation":{"x":0.23612196743488313,"y":-0.03147590160369873,"z":0.007652794010937214,"w":0.9711856842041016},"size":0.8660256862640381,"orthographic":false}