{"cameraMode":{"drawMode":0,"name":"Shaded","section":"Shading Mode"},"sceneLighting":false,"audioPlay":false,"sceneViewState":{"showFog":true,"showMaterialUpdate":false,"showSkybox":false,"showFlares":true,"showImageEffects":true,"showParticleSystems":true},"in2DMode":false,"pivot":{"x":0.20739060640335084,"y":2.421922445297241,"z":-0.4964755177497864},"rotation":{"x":0.04798022285103798,"y":-0.007491287309676409,"z":0.0003598571929614991,"w":0.9988199472427368},"size":3.8854384422302248,"orthographic":false}