{"cameraMode":{"drawMode":0,"name":"Shaded","section":"Shading Mode"},"sceneLighting":false,"audioPlay":false,"sceneViewState":{"showFog":true,"showMaterialUpdate":false,"showSkybox":false,"showFlares":true,"showImageEffects":true,"showParticleSystems":true},"in2DMode":false,"pivot":{"x":1.4004110097885132,"y":1.7294318675994874,"z":-0.6064512133598328},"rotation":{"x":0.059386540204286578,"y":-0.13820306956768037,"z":0.008302169851958752,"w":0.9885877370834351},"size":2.7040226459503176,"orthographic":false}