{"cameraMode":{"drawMode":0,"name":"Shaded","section":"Shading Mode"},"sceneLighting":true,"audioPlay":false,"sceneViewState":{"showFog":true,"showMaterialUpdate":false,"showSkybox":false,"showFlares":true,"showImageEffects":true,"showParticleSystems":true},"in2DMode":false,"pivot":{"x":-0.5435981750488281,"y":6.200000286102295,"z":17.100000381469728},"rotation":{"x":0.2634444534778595,"y":-0.11341121792793274,"z":0.031204529106616975,"w":0.9574788808822632},"size":28.961179733276368,"orthographic":false}