{"cameraMode":{"drawMode":0,"name":"Shaded","section":"Shading Mode"},"sceneLighting":false,"audioPlay":false,"sceneViewState":{"showFog":true,"showMaterialUpdate":false,"showSkybox":false,"showFlares":true,"showImageEffects":true,"showParticleSystems":true},"in2DMode":false,"pivot":{"x":-0.6694844961166382,"y":0.47875478863716128,"z":0.037721917033195499},"rotation":{"x":0.04798022285103798,"y":-0.007491287309676409,"z":0.0003598571929614991,"w":0.9988199472427368},"size":2.2492034435272219,"orthographic":false}